<wpml-config>
    <custom-fields>
        <custom-field action="copy">_tz_views</custom-field>
        <custom-field action="translate">chromium_post_custom_label</custom-field>
        <custom-field action="translate">chromium_featured_quote</custom-field>
        <custom-field action="copy">chromium_featured_video</custom-field>
        <custom-field action="copy">chromium_gallery_id</custom-field>
    </custom-fields>
    <admin-texts>
        <key name="theme_mods_chromium">
            <key name="copyright_section_text" />
            <key name="footer_shortcode_section" />
        </key>
    </admin-texts>
</wpml-config>
