{"title":"Chromium (white)","container_background_from":"rgb(255, 255, 255)","container_background_to":"rgb(255, 255, 255)","container_padding_left":"15px","container_padding_right":"45px","container_border_radius_top_left":"0","container_border_radius_top_right":"0","container_border_radius_bottom_left":"0","container_border_radius_bottom_right":"0","arrow_up":"dash-f343","arrow_down":"dash-f347","arrow_left":"dash-f341","arrow_right":"dash-f345","menu_item_background_from":"rgb(255, 255, 255)","menu_item_background_to":"rgb(255, 255, 255)","menu_item_background_hover_from":"rgb(253, 184, 25)","menu_item_background_hover_to":"rgb(253, 184, 25)","menu_item_spacing":"10px","menu_item_link_font_size":"15px","menu_item_link_color":"rgb(37, 37, 37)","menu_item_link_weight":"inherit","menu_item_link_color_hover":"rgb(37, 37, 37)","menu_item_link_weight_hover":"inherit","menu_item_link_padding_left":"15px","menu_item_link_padding_right":"15px","menu_item_link_border_radius_top_left":"2px","menu_item_link_border_radius_top_right":"2px","menu_item_link_border_radius_bottom_left":"2px","menu_item_link_border_radius_bottom_right":"2px","menu_item_border_color":"rgb(255, 255, 255)","menu_item_border_right":"0","menu_item_border_color_hover":"rgb(255, 255, 255)","panel_background_from":"rgb(241, 245, 247)","panel_background_to":"rgb(241, 245, 247)","panel_width":"1170px","panel_header_color":"rgb(40, 41, 41)","panel_header_text_transform":"none","panel_header_font_size":"15px","panel_header_font_weight":"inherit","panel_header_padding_bottom":"10px","panel_header_margin_bottom":"20px","panel_header_border_color":"rgb(213, 221, 226)","panel_header_border_bottom":"1px","panel_padding_left":"0","panel_padding_right":"0","panel_padding_top":"0","panel_padding_bottom":"0","panel_widget_padding_left":"0","panel_widget_padding_right":"0","panel_widget_padding_top":"0","panel_widget_padding_bottom":"0","panel_font_size":"13px","panel_font_color":"rgb(98, 98, 98)","panel_font_family":"inherit","panel_second_level_font_color":"rgb(40, 41, 41)","panel_second_level_font_color_hover":"rgb(254, 80, 0)","panel_second_level_text_transform":"none","panel_second_level_font":"inherit","panel_second_level_font_size":"15px","panel_second_level_font_weight":"inherit","panel_second_level_font_weight_hover":"inherit","panel_second_level_text_decoration":"none","panel_second_level_text_decoration_hover":"none","panel_second_level_margin_bottom":"10px","panel_second_level_border_color":"#555","panel_third_level_font_color":"rgb(98, 98, 98)","panel_third_level_font_color_hover":"rgb(254, 80, 0)","panel_third_level_font":"inherit","panel_third_level_font_size":"13px","panel_third_level_padding_bottom":"5px","flyout_width":"200px","flyout_menu_background_from":"rgb(246, 246, 246)","flyout_menu_background_to":"rgb(246, 246, 246)","flyout_border_color":"rgb(212, 221, 226)","flyout_menu_item_divider":"on","flyout_menu_item_divider_color":"rgb(212, 221, 226)","flyout_padding_top":"15px","flyout_padding_right":"15px","flyout_padding_bottom":"15px","flyout_padding_left":"15px","flyout_link_padding_left":"0px","flyout_link_padding_right":"0px","flyout_link_padding_top":"5px","flyout_link_padding_bottom":"5px","flyout_link_height":"28px","flyout_background_from":"rgb(245, 245, 245)","flyout_background_to":"rgb(245, 245, 245)","flyout_background_hover_from":"rgb(245, 245, 245)","flyout_background_hover_to":"rgb(245, 245, 245)","flyout_link_size":"14px","flyout_link_color":"rgb(33, 33, 33)","flyout_link_color_hover":"rgb(255, 168, 0)","flyout_link_family":"inherit","responsive_breakpoint":"768px","line_height":"1.5","shadow":"on","shadow_vertical":"2px","shadow_blur":"8px","transitions":"on","mobile_columns":"1","toggle_background_from":"rgb(255, 255, 255)","toggle_background_to":"rgb(255, 255, 255)","toggle_font_color":"rgb(37, 37, 37)","toggle_bar_height":"50px","mobile_background_from":"rgb(255, 255, 255)","mobile_background_to":"rgb(255, 255, 255)","mobile_menu_item_link_font_size":"15px","mobile_menu_item_link_color":"rgb(33, 33, 33)","mobile_menu_item_link_text_align":"left","mobile_menu_item_link_color_hover":"rgb(33, 33, 33)","mobile_menu_item_background_hover_from":"rgb(253, 184, 25)","mobile_menu_item_background_hover_to":"rgb(253, 184, 25)","custom_css":"\/** Custom Styles **\/\r\n\r\n#mega-menu-wrap-primary-nav #mega-menu-primary-nav &gt; li.mega-menu-item.mega-current-menu-item &gt; a.mega-menu-link,\r\n#mega-menu-wrap-primary-nav #mega-menu-primary-nav &gt; li.mega-menu-item.mega-current-menu-ancestor &gt; a.mega-menu-link,\r\n#mega-menu-wrap-primary-nav #mega-menu-primary-nav &gt; li.mega-menu-item.mega-current-page-ancestor &gt; a.mega-menu-link,\r\n#mega-menu-wrap-primary-nav #mega-menu-primary-nav &gt; li.mega-menu-item &gt; a.mega-menu-link,\r\n#mega-menu-wrap-primary-nav #mega-menu-primary-nav &gt; li.mega-menu-item.mega-toggle-on &gt; a.mega-menu-link,\r\n#mega-menu-wrap-primary-nav #mega-menu-primary-nav &gt; li.mega-menu-item &gt; a.mega-menu-link:hover,\r\n#mega-menu-wrap-primary-nav #mega-menu-primary-nav &gt; li.mega-menu-item &gt; a.mega-menu-link:focus {\r\n  font-weight: 500;\r\n}\r\n\r\n\/* Mobile overrides *\/\r\n@media screen and (max-width: 768px) {\r\n  #mega-menu-wrap-primary-nav .mega-menu-toggle + #mega-menu-primary-nav li.mega-menu-item &gt; ul.mega-sub-menu {\r\n    padding: 10px 15px;\r\n  }\r\n  #mega-menu-wrap-primary-nav .mega-menu-toggle,\r\n  #mega-menu-wrap-primary-nav #mega-menu-primary-nav li.mega-align-bottom-left.mega-toggle-on &gt; a.mega-menu-link{\r\n    border-radius: 0;\r\n  }\r\n}"}