{"title":"Chromium","container_background_from":"rgb(253, 184, 25)","container_background_to":"rgb(253, 184, 25)","container_padding_left":"15px","container_padding_right":"15px","arrow_up":"dash-f343","arrow_down":"dash-f347","arrow_left":"dash-f341","arrow_right":"dash-f345","menu_item_background_from":"rgb(253, 184, 25)","menu_item_background_to":"rgb(253, 184, 25)","menu_item_background_hover_from":"rgb(33, 33, 33)","menu_item_background_hover_to":"rgb(33, 33, 33)","menu_item_link_font_size":"15px","menu_item_link_height":"50px","menu_item_link_color":"rgb(33, 33, 33)","menu_item_link_weight":"inherit","menu_item_link_color_hover":"rgb(255, 255, 255)","menu_item_link_weight_hover":"inherit","menu_item_link_padding_left":"20px","menu_item_link_padding_right":"20px","menu_item_border_color":"rgb(255, 255, 255)","menu_item_border_right":"0","menu_item_border_color_hover":"rgb(255, 255, 255)","panel_background_from":"rgb(246, 246, 246)","panel_background_to":"rgb(246, 246, 246)","panel_width":"1170px","panel_header_color":"rgb(40, 41, 41)","panel_header_text_transform":"none","panel_header_font_size":"15px","panel_header_font_weight":"inherit","panel_header_padding_bottom":"10px","panel_header_margin_bottom":"20px","panel_header_border_color":"rgb(246, 246, 246)","panel_header_border_bottom":"1px","panel_padding_left":"0","panel_padding_right":"0","panel_padding_top":"0","panel_padding_bottom":"0","panel_widget_padding_left":"0","panel_widget_padding_right":"0","panel_widget_padding_top":"0","panel_widget_padding_bottom":"0","panel_font_size":"13px","panel_font_color":"rgb(98, 98, 98)","panel_font_family":"inherit","panel_second_level_font_color":"rgb(40, 41, 41)","panel_second_level_font_color_hover":"rgb(254, 80, 0)","panel_second_level_text_transform":"none","panel_second_level_font":"inherit","panel_second_level_font_size":"15px","panel_second_level_font_weight":"inherit","panel_second_level_font_weight_hover":"inherit","panel_second_level_text_decoration":"none","panel_second_level_text_decoration_hover":"none","panel_second_level_margin_bottom":"10px","panel_second_level_border_color":"#555","panel_third_level_font_color":"rgb(98, 98, 98)","panel_third_level_font_color_hover":"rgb(254, 80, 0)","panel_third_level_font":"inherit","panel_third_level_font_size":"13px","panel_third_level_padding_bottom":"5px","flyout_width":"200px","flyout_menu_background_from":"rgb(255, 255, 255)","flyout_menu_background_to":"rgb(255, 255, 255)","flyout_border_color":"rgb(245, 245, 245)","flyout_menu_item_divider":"on","flyout_menu_item_divider_color":"rgb(212, 221, 226)","flyout_padding_top":"10px","flyout_padding_right":"15px","flyout_padding_bottom":"10px","flyout_padding_left":"15px","flyout_link_padding_left":"0px","flyout_link_padding_right":"0px","flyout_link_padding_top":"5px","flyout_link_padding_bottom":"5px","flyout_link_height":"26px","flyout_background_from":"rgb(255, 255, 255)","flyout_background_to":"rgb(255, 255, 255)","flyout_background_hover_from":"rgb(255, 255, 255)","flyout_background_hover_to":"rgb(255, 255, 255)","flyout_link_size":"14px","flyout_link_color":"rgb(33, 33, 33)","flyout_link_color_hover":"rgb(253, 184, 25)","flyout_link_family":"inherit","responsive_breakpoint":"768px","line_height":"1.5","shadow":"on","shadow_vertical":"2px","shadow_blur":"8px","shadow_spread":"0","transitions":"on","mobile_columns":"1","toggle_background_from":"rgb(253, 184, 25)","toggle_background_to":"rgb(253, 184, 25)","toggle_font_color":"rgb(49, 53, 59)","toggle_bar_height":"60px","mobile_menu_item_height":"auto","mobile_background_from":"rgb(241, 245, 247)","mobile_background_to":"rgb(241, 245, 247)","mobile_menu_item_link_font_size":"15px","mobile_menu_item_link_color":"rgb(33, 33, 33)","mobile_menu_item_link_text_align":"left","mobile_menu_item_link_color_hover":"rgb(33, 33, 33)","mobile_menu_item_background_hover_from":"rgb(253, 184, 25)","mobile_menu_item_background_hover_to":"rgb(253, 184, 25)","custom_css":"\/** Custom Styles **\/\r\n\r\n#mega-menu-wrap-primary-nav #mega-menu-primary-nav &gt; li.mega-menu-item.mega-right-aligned-promo {\r\n  float: right !important;\r\n}\r\n#mega-menu-wrap-primary-nav #mega-menu-primary-nav &gt; li.mega-menu-item.mega-right-aligned-promo &gt; a.mega-menu-link {\r\n  text-transform: uppercase;\r\n  padding: 0 15px;\r\n  color: #fff;\r\n}\r\n#mega-menu-wrap-primary-nav #mega-menu-primary-nav li.mega-menu-item.mega-departments-link &gt; a.mega-menu-link:before {\r\n  margin: 0 20px 0 0;\r\n  font-size: 24px;\r\n}\r\n#mega-menu-wrap-primary-nav #mega-menu-primary-nav &gt; li.mega-menu-item.mega-departments-link &gt; a.mega-menu-link {\r\n  background-color: #212121;\r\n  color: #fff;\r\n  text-transform: uppercase;\r\n  padding: 0 30px 0 20px;\r\n  line-height: 52px;\r\n}\r\n#mega-menu-wrap-primary-nav #mega-menu-primary-nav &gt; li.mega-menu-flyout ul.mega-sub-menu li.mega-menu-item ul.mega-sub-menu {\r\n  left: calc(100% + 15px);\r\n  top: -10px;\r\n}\r\n#mega-menu-wrap-primary-nav #mega-menu-primary-nav &gt; li.mega-menu-item.mega-current-menu-item &gt; a.mega-menu-link, #mega-menu-wrap-primary-nav #mega-menu-primary-nav &gt; li.mega-menu-item.mega-current-menu-ancestor &gt; a.mega-menu-link, #mega-menu-wrap-primary-nav #mega-menu-primary-nav &gt; li.mega-menu-item.mega-current-page-ancestor &gt; a.mega-menu-link {\r\n  background-color: #fdb819;\r\n  color: #212121;\r\n  position: relative;\r\n}\r\n#mega-menu-wrap-primary-nav #mega-menu-primary-nav &gt; li.mega-menu-item.mega-current-menu-item &gt; a.mega-menu-link:before, #mega-menu-wrap-primary-nav #mega-menu-primary-nav &gt; li.mega-menu-item.mega-current-menu-ancestor &gt; a.mega-menu-link:before, #mega-menu-wrap-primary-nav #mega-menu-primary-nav &gt; li.mega-menu-item.mega-current-page-ancestor &gt; a.mega-menu-link:before {\r\n  display: inline-block;\r\n \r\n  width: calc(100% - 40px);\r\n  height: 1px;\r\n  background-color: #212121;\r\n  position: absolute;\r\n  bottom: 15px;\r\n  left: 20px;\r\n}\r\n\r\n\/* Mobile overrides *\/\r\n@media screen and (max-width: 768px) {\r\n  #mega-menu-wrap-primary-nav #mega-menu-primary-nav &gt; li.mega-menu-item.mega-current-menu-item &gt; a.mega-menu-link:before,\r\n  #mega-menu-wrap-primary-nav #mega-menu-primary-nav &gt; li.mega-menu-item.mega-current-menu-ancestor &gt; a.mega-menu-link:before,\r\n  #mega-menu-wrap-primary-nav #mega-menu-primary-nav &gt; li.mega-menu-item.mega-current-page-ancestor &gt; a.mega-menu-link:before {\r\n\tdisplay: none;\r\n  }\r\n  #mega-menu-wrap-primary-nav #mega-menu-primary-nav &gt; li.mega-menu-item.right-aligned-promo {\r\n    float: none !important;\r\n    background-color: #fdb819;\r\n  }\r\n  #mega-menu-wrap-primary-nav .mega-menu-toggle + #mega-menu-primary-nav li.mega-menu-item &gt; ul.mega-sub-menu {\r\n    padding: 0 15px;\r\n  }\r\n}\r\n\r\n#mega-menu-wrap-primary-nav #mega-menu-primary-nav &gt; li.mega-menu-item &gt; a.mega-menu-link{\r\n\tline-height: 51px;\r\n}\r\n\r\n#mega-menu-wrap-primary-nav #mega-menu-primary-nav li.mega-menu-item-has-children &gt; a.mega-menu-link:after{\r\ntransform: rotate(0);\r\n}\r\n\r\n#mega-menu-wrap-primary-nav #mega-menu-primary-nav li.mega-departments-link &gt; a.mega-menu-link:after{\r\n\ttransform: translateX(10px) rotate(0);\r\n}"}